Time,Signal,Noisy_signal
0.000000000000000000e+00,1.000000000000000000e+00,1.882026172983831902e+00
1.001001001001000992e-02,9.995055720856215187e-01,1.199584176269233193e+00
2.002002002002001985e-02,9.980227772604111092e-01,1.487391769313280765e+00
3.003003003003002977e-02,9.955530817946746103e-01,2.115999681395403620e+00
4.004004004004003969e-02,9.920989278611684892e-01,1.925877922936152231e+00
5.005005005005004615e-02,9.876637311201432734e-01,4.990247911819377657e-01
6.006006006006005954e-02,9.822518773417481253e-01,1.457296086104542754e+00
7.007007007007007293e-02,9.758687180691361096e-01,9.001901139202871382e-01
8.008008008008007939e-02,9.685205653265598347e-01,9.169111394297808637e-01
9.009009009009008584e-02,9.602146853776895030e-01,1.165513936346875612e+00
1.001001001001000923e-01,9.509592915403253244e-01,1.022981077120764359e+00
1.101101101101101126e-01,9.407635360646109390e-01,1.667900289546098591e+00
1.201201201201201191e-01,9.296375010827770957e-01,1.310156363656273859e+00
1.301301301301301394e-01,9.175921886393665350e-01,9.784296968857807419e-01
1.401401401401401459e-01,9.046395098117980815e-01,1.126571126184510829e+00
1.501501501501501523e-01,8.907922729320283395e-01,1.057629436619161645e+00
1.601601601601601588e-01,8.760641709209582295e-01,1.623103707499761406e+00
1.701701701701701652e-01,8.604697677481076834e-01,7.578906358652072184e-01
1.801801801801801717e-01,8.440244840299503393e-01,1.000558334855401021e+00
1.901901901901901781e-01,8.267445817811464037e-01,3.996967121302840154e-01
2.002002002002001846e-01,8.086471483337550614e-01,-4.678477595832842839e-01
2.102102102102102188e-01,7.897500794403260471e-01,1.116559377160506461e+00
2.202202202202202252e-01,7.700720615775812350e-01,1.202290161007334213e+00
2.302302302302302317e-01,7.496325534681825831e-01,3.785500432649616109e-01
2.402402402402402382e-01,7.284517668388609257e-01,1.863329078832664631e+00
2.502502502502502724e-01,7.065506464339323944e-01,-2.063219086544998415e-02
2.602602602602602788e-01,6.839508493039655468e-01,7.068301079546885912e-01
2.702702702702702853e-01,6.606747233900814864e-01,5.670827983771646874e-01
2.802802802802802917e-01,6.367452854250605920e-01,1.403134892604289252e+00
2.902902902902902982e-01,6.121861981731135938e-01,1.346865583123256105e+00
3.003003003003003046e-01,5.870217470308185526e-01,6.644954598792767175e-01
3.103103103103103111e-01,5.612768160123651207e-01,7.503580758134519302e-01
3.203203203203203175e-01,5.349768631428517551e-01,9.108398932779537827e-02
3.303303303303303240e-01,5.081478952839693086e-01,-4.822503388279941738e-01
3.403403403403403304e-01,4.808164424169648066e-01,3.068603677538884744e-01
3.503503503503503369e-01,4.530095314083142366e-01,5.311840159603042899e-01
3.603603603603603434e-01,4.247546592840479307e-01,1.039899999647908357e+00
3.703703703703703498e-01,3.960797660391568997e-01,9.972696904313624877e-01
3.803803803803803563e-01,3.670132070089653920e-01,1.733497983049892555e-01
3.903903903903903627e-01,3.375837248297924864e-01,1.864323495421247034e-01
4.004004004004003692e-01,3.078204210166279320e-01,-2.164560615169183744e-01
4.104104104104104311e-01,2.777527271859304703e-01,-4.322562414035571177e-01
4.204204204204204376e-01,2.474103759520025203e-01,-6.057247193605037605e-01
4.304304304304304440e-01,2.168233715257192329e-01,1.192211069141614121e+00
4.404404404404404505e-01,1.860219600446920141e-01,-6.880413083113473549e-02
4.504504504504504570e-01,1.550365996641978050e-01,-6.400055114139538426e-02
4.604604604604604634e-01,1.238979304384552199e-01,-5.024997495865078934e-01
4.704704704704704699e-01,9.263674402202741465e-02,4.813819219379824599e-01
4.804804804804804763e-01,6.128395322131637707e-02,-7.456649705576593457e-01
4.904904904904904828e-01,2.987056142625316851e-02,-7.649957868073117839e-02
5.005005005005005447e-01,-1.572368047584636087e-03,-4.493056486444224618e-01
5.105105105105105512e-01,-3.301374267611363600e-02,1.604375062535173813e-01
5.205205205205205576e-01,-6.442247147276827790e-02,-3.198250402572048179e-01
5.305305305305305641e-01,-9.576749573300391560e-02,-6.860835877942099703e-01
5.405405405405405705e-01,-1.270178197468787573e-01,-1.411089339162061862e-01
5.505505505505505770e-01,-1.581425414493408677e-01,5.602339381586796119e-02
5.605605605605605835e-01,-1.891108829779163947e-01,-1.558522717863324580e-01
5.705705705705705899e-01,-2.198922211075775845e-01,-6.865627223768688836e-02
5.805805805805805964e-01,-2.504561175326984745e-01,-5.676171643731802163e-01
5.905905905905906028e-01,-2.807723489661493321e-01,-4.621429319597183949e-01
6.006006006006006093e-01,-3.108109370257712278e-01,-6.470411609137467490e-01
6.106106106106106157e-01,-3.405421778786735243e-01,-5.203187586489441685e-01
6.206206206206206222e-01,-3.699366716140431444e-01,-7.765098126362701692e-01
6.306306306306306286e-01,-3.989653513154163278e-01,-1.262106652481254754e+00
6.406406406406406351e-01,-4.275995118036689524e-01,-3.388864406767925219e-01
6.506506506506506415e-01,-4.558108380223012679e-01,-6.567013061264321827e-01
6.606606606606606480e-01,-4.835714330369442759e-01,-1.298670606519966686e+00
6.706706706706706544e-01,-5.108538456214083423e-01,-2.794627178585212812e-01
6.806806806806806609e-01,-5.376310974029872014e-01,-9.912802795946082934e-01
6.906906906906906674e-01,-5.638767095401776563e-01,-5.379040116421082152e-01
7.007007007007006738e-01,-5.895647289064390728e-01,-2.250194478176706370e-01
7.107107107107106803e-01,-6.146697537540922740e-01,-5.501782983753868983e-01
7.207207207207206867e-01,-6.391669588329846885e-01,-6.946661656133434892e-02
7.307307307307306932e-01,-6.630321199390866171e-01,-1.280445030115912930e+00
7.407407407407406996e-01,-6.862416378687334895e-01,-4.850708172799589879e-01
7.507507507507507061e-01,-7.087725617548380486e-01,-1.051177607224994759e+00
7.607607607607607125e-01,-7.306026117619885962e-01,-1.166001186352929597e+00
7.707707707707707190e-01,-7.517102011179930265e-01,-1.041135033500200757e+00
7.807807807807807254e-01,-7.720744574600858501e-01,-9.278507235237721806e-01
7.907907907907907319e-01,-7.916752434746852085e-01,-7.635925723598124826e-01
8.008008008008007383e-01,-8.104931768102917600e-01,-1.393068097201970001e+00
8.108108108108108558e-01,-8.285096492438420723e-01,-3.780964057667485223e-01
8.208208208208208623e-01,-8.457068450815561356e-01,-6.128756252163262142e-01
8.308308308308308687e-01,-8.620677587760914307e-01,-1.630189601914703301e+00
8.408408408408408752e-01,-8.775762117425774944e-01,-1.334501148447776453e-01
8.508508508508508816e-01,-8.922168683569038361e-01,5.572771965838774211e-02
8.608608608608608881e-01,-9.059752511204398617e-01,-3.165854655406145080e-01
8.708708708708708945e-01,-9.188377549761961305e-01,-1.008800172882371671e+00
8.808808808808809010e-01,-9.307916607622620520e-01,-1.466167971517533308e+00
8.908908908908909074e-01,-9.418251477892247703e-01,-4.145992843236564473e-01
9.009009009009009139e-01,-9.519273055291265218e-01,-1.153515779015716447e+00
9.109109109109109204e-01,-9.610881444044027111e-01,-3.498656092131889883e-01
9.209209209209209268e-01,-9.692986056661354599e-01,-8.651611166277053400e-01
9.309309309309309333e-01,-9.765505703518493341e-01,-4.882310521099929579e-01
9.409409409409409397e-01,-9.828368673139947775e-01,-8.046536687267937804e-01
9.509509509509509462e-01,-9.881512803111796028e-01,-6.348646962152055817e-01
9.609609609609609526e-01,-9.924885541551350387e-01,-9.872385437947247544e-01
9.709709709709709591e-01,-9.958443999073396391e-01,-1.029091529544220451e-01
9.809809809809809655e-01,-9.982154991201608318e-01,-9.347594527683509291e-01
9.909909909909909720e-01,-9.995995071183215730e-01,-7.986048253959707743e-01
1.001001001001001089e+00,-9.999950553174459245e-01,-5.841970678931873717e-02
1.011011011011011096e+00,-9.994017525773912780e-01,-1.673281283148614573e+00
1.021021021021021102e+00,-9.978201855890307392e-01,-1.633062684831897649e+00
1.031031031031031109e+00,-9.952519182940990916e-01,-5.105535642150935693e-01
1.041041041041041115e+00,-9.916994903386807669e-01,-1.578261192895760612e+00
1.051051051051051122e+00,-9.871664145618657127e-01,-1.535582173721938837e-02
1.061061061061061128e+00,-9.816571735220581685e-01,-1.188466663901931897e+00
1.071071071071071135e+00,-9.751772150643721604e-01,-1.348904620784751041e+00
1.081081081081081141e+00,-9.677329469334988721e-01,-6.261933693306520610e-03
1.091091091091091148e+00,-9.593317304373701893e-01,-2.190743347201580260e-01
1.101101101101101154e+00,-9.499818731678869588e-01,-1.620239295460201845e-02
1.111111111111111160e+00,-9.396926207859084279e-01,-4.866702916482157915e-01
1.121121121121121167e+00,-9.284741478786255886e-01,-1.359086990405976803e+00
1.131131131131131173e+00,-9.163375478983630806e-01,3.869492865115375935e-02
1.141141141141141180e+00,-9.032948221927523669e-01,-1.037296507668442613e+00
1.151151151151151186e+00,-8.893588681371302762e-01,-4.881306702389326957e-01
1.161161161161161193e+00,-8.745434663808943077e-01,-4.009174824940203163e-01
1.171171171171171199e+00,-8.588632672204261631e-01,-9.363683137658432853e-01
1.181181181181181206e+00,-8.423337761120617273e-01,-5.352940909390215829e-01
1.191191191191191212e+00,-8.249713383394302602e-01,-3.638680025561668585e-01
1.201201201201201219e+00,-8.067931228503242291e-01,-6.185803572725094845e-01
1.211211211211211225e+00,-7.878171052790867712e-01,-1.337517500571184126e+00
1.221221221221221231e+00,-7.680620501712998038e-01,-6.189429630682717898e-01
1.231231231231231238e+00,-7.475474924283534994e-01,-8.435454408483833433e-02
1.241241241241241244e+00,-7.262937179902472229e-01,-1.073577647855930017e+00
1.251251251251251251e+00,-7.043217437757166577e-01,-7.791390139395519832e-01
1.261261261261261257e+00,-6.816532968995329123e-01,-8.992300727603516064e-01
1.271271271271271264e+00,-6.583107931875189500e-01,2.663210710521519697e-01
1.281281281281281270e+00,-6.343173150105280156e-01,-2.981699365043102845e-01
1.291291291291291277e+00,-6.096965884593070761e-01,-4.059656703387518606e-01
1.301301301301301283e+00,-5.844729598828148909e-01,-9.694309971054730912e-01
1.311311311311311290e+00,-5.586713718131924855e-01,-2.890467761672838587e-01
1.321321321321321296e+00,-5.323173383011922111e-01,-8.694836686298802464e-01
1.331331331331331302e+00,-5.054369196864644254e-01,-4.895216405492888168e-01
1.341341341341341309e+00,-4.780566968276365736e-01,-7.959797360170770553e-01
1.351351351351351315e+00,-4.502037448176736123e-01,-1.119870973444237472e-01
1.361361361361361322e+00,-4.219056062105194238e-01,-1.336101979030489550e-01
1.371371371371371328e+00,-3.931902637854796101e-01,-4.973396415744770760e-01
1.381381381381381335e+00,-3.640861128762841736e-01,-1.660827565454615351e-01
1.391391391391391341e+00,-3.346219332922015788e-01,-8.811526876574544698e-01
1.401401401401401348e+00,-3.048268608589539408e-01,-1.050455657211756710e+00
1.411411411411411354e+00,-2.747303586075833248e-01,-5.503450797531486693e-02
1.421421421421421361e+00,-2.443621876397671921e-01,-1.610254399535026582e-01
1.431431431431431367e+00,-2.137523776983756285e-01,1.037633407476775682e-01
1.441441441441441373e+00,-1.829311974723872580e-01,1.008641189959583739e+00
1.451451451451451380e+00,-1.519291246655159466e-01,3.203106188296909740e-01
1.461461461461461386e+00,-1.207768158581612045e-01,-5.771879285802404835e-01
1.471471471471471393e+00,-8.950507619246729496e-02,4.690030678554591992e-01
1.481481481481481399e+00,-5.814482891047623864e-02,-7.160985341662368109e-01
1.491491491491491406e+00,-2.672708477550498826e-02,-2.575193871828594938e-01
1.501501501501501412e+00,4.717088593031312782e-03,-2.940371406928430492e-02
1.511511511511511419e+00,3.615659744101851897e-02,8.928279582657018265e-01
1.521521521521521425e+00,6.756035262687816456e-02,-3.048170583973418002e-01
1.531531531531531432e+00,9.889730036424894399e-02,-3.143219689652582693e-01
1.541541541541541438e+00,1.301364529297071027e-01,8.091019071699095955e-02
1.551551551551551444e+00,1.612469193051519756e-01,-1.704922238759017106e-01
1.561561561561561451e+00,1.921979357245719444e-01,7.555158967778254908e-01
1.571571571571571457e+00,2.229588960949765164e-01,-3.170068580867351216e-01
1.581581581581581464e+00,2.534993822614043379e-01,-3.202349439441468659e-01
1.591591591591591470e+00,2.837891940860967077e-01,6.487917171387969084e-02
1.601601601601601477e+00,3.137983793120779352e-01,6.478215396592548747e-02
1.611611611611611705e+00,3.434972631816236022e-01,1.308263290090116548e+00
1.621621621621621712e+00,3.728564777803083929e-01,8.475668812431887966e-01
1.631631631631631718e+00,4.018469910776512055e-01,4.456226117702466460e-01
1.641641641641641725e+00,4.304401356355984087e-01,-1.822776237794855869e-01
1.651651651651651731e+00,4.586076369564905941e-01,8.807891251572641522e-01
1.661661661661661737e+00,4.863216414424667011e-01,-1.378603225231567198e-02
1.671671671671671744e+00,5.135547439386518587e-01,-2.588308044501539396e-01
1.681681681681681750e+00,5.402800148329066632e-01,1.134294911009057660e+00
1.691691691691691757e+00,5.664710266853337783e-01,7.249423326477586471e-01
1.701701701701701763e+00,5.921018803612012604e-01,1.052531292251610795e+00
1.711711711711711770e+00,6.171472306414554909e-01,7.765110571129660855e-01
1.721721721721721776e+00,6.415823112854881494e-01,1.069997617236833731e+00
1.731731731731731783e+00,6.653829595213793802e-01,3.398701628713059475e-01
1.741741741741741789e+00,6.885256399393924198e-01,1.714042190471600779e-01
1.751751751751751796e+00,7.109874677651020214e-01,1.051784726905915512e+00
1.761761761761761802e+00,7.327462314891397543e-01,3.310413994022192163e-01
1.771771771771771808e+00,7.537804148311696428e-01,4.090055259560693712e-01
1.781781781781781815e+00,7.740692180163903924e-01,5.463029662577187917e-01
1.791791791791791821e+00,7.935925783435148206e-01,8.023321578560431711e-01
1.801801801801801828e+00,8.123311900238859851e-01,6.353342343971439821e-01
1.811811811811811834e+00,8.302665232721204713e-01,1.427908765631110688e-01
1.821821821821821841e+00,8.473808426293960583e-01,5.255716412129507464e-01
1.831831831831831847e+00,8.636572245012605897e-01,-2.480443516109527291e-01
1.841841841841841854e+00,8.790795738926285852e-01,1.191695299406222208e+00
1.851851851851851860e+00,8.936326403234121640e-01,9.260381252003835328e-02
1.861861861861861867e+00,9.073020329090443203e-01,3.551103631948190342e-01
1.871871871871871873e+00,9.200742345909910247e-01,9.461567742214782584e-01
1.881881881881881879e+00,9.319366155031737486e-01,5.621551173075171048e-01
1.891891891891891886e+00,9.428774454610840960e-01,1.714384743164452107e+00
1.901901901901901892e+00,9.528859055612468598e-01,3.064574506995225711e-01
1.911911911911911899e+00,9.619520988795546845e-01,1.095477533554146232e+00
1.921921921921921905e+00,9.700670602579006818e-01,9.504256511441528943e-01
1.931931931931931912e+00,9.772227651694256334e-01,3.931760162988269247e-01
1.941941941941941918e+00,9.834121376536185677e-01,1.245050467919495363e+00
1.951951951951951925e+00,9.886290573134226545e-01,9.028558917022986297e-01
1.961961961961961931e+00,9.928683653674237330e-01,1.378763640974257410e+00
1.971971971971971938e+00,9.961258697511429228e-01,1.407877946733008701e+00
1.981981981981981944e+00,9.983983492623830225e-01,2.080016323902727837e+00
1.991991991991991950e+00,9.996835567465337524e-01,1.667947531464729849e+00
2.002002002002002179e+00,9.999802213186832489e-01,8.153893023474614310e-01
2.012012012012012185e+00,9.992880496203400131e-01,8.795984608323768050e-01
2.022022022022022192e+00,9.976077261095225301e-01,1.547437524053079105e+00
2.032032032032032198e+00,9.949409123839287883e-01,1.322572777745227635e+00
2.042042042042042205e+00,9.912902455378553856e-01,1.311356008586651356e+00
2.052052052052052211e+00,9.866593355544919230e-01,1.781813133990747255e-01
2.062062062062062218e+00,9.810527617361680663e-01,9.688896995367002329e-01
2.072072072072072224e+00,9.744760681760831211e-01,6.054606135732387706e-01
2.082082082082082231e+00,9.669357582759982028e-01,1.106898057797617296e+00
2.092092092092092237e+00,9.584392883153086684e-01,9.093640934938297393e-01
2.102102102102102243e+00,9.489950600778587209e-01,1.404084514124154692e+00
2.112112112112112250e+00,9.386124125437891319e-01,1.097221520139440187e+00
2.122122122122122256e+00,9.273016126546324012e-01,1.320465593709120533e+00
2.132132132132132263e+00,9.150738451607860480e-01,6.818642967928145726e-01
2.142142142142142269e+00,9.019412015614094447e-01,4.297180736022842562e-01
2.152152152152152276e+00,8.879166681476731160e-01,6.828918215463988250e-01
2.162162162162162282e+00,8.730141131611881544e-01,8.645039062304679112e-01
2.172172172172172289e+00,8.572482730803167028e-01,1.046824140857857577e+00
2.182182182182182295e+00,8.406347380479183284e-01,1.970289213393344507e+00
2.192192192192192302e+00,8.231899364549453146e-01,8.020613606246239646e-01
2.202202202202202308e+00,8.049311186951346730e-01,3.269586184487461855e-01
2.212212212212212314e+00,7.858763401068545873e-01,6.128854522571614005e-01
2.222222222222222321e+00,7.660444431189781245e-01,5.342464557959309968e-01
2.232232232232232327e+00,7.454550386184360944e-01,9.861957755051671271e-01
2.242242242242242334e+00,7.241284865578799801e-01,-4.627002066443242079e-02
2.252252252252252340e+00,7.020858758226227181e-01,7.337168729227885322e-01
2.262262262262262347e+00,6.793490033767697334e-01,7.576022723594575403e-01
2.272272272272272353e+00,6.559403527091673958e-01,7.720308708093053252e-01
2.282282282282282360e+00,6.318830716004724124e-01,3.332250371177910564e-01
2.292292292292292366e+00,6.072009492333317882e-01,4.882400843653282863e-01
2.302302302302302373e+00,5.819183926683149100e-01,-1.301120618229508752e-01
2.312312312312312379e+00,5.560604027088479340e-01,3.094004610277508727e-01
2.322322322322322385e+00,5.296525491790206042e-01,2.582218111706617303e-01
2.332332332332332392e+00,5.027209456387216058e-01,7.107459687694344108e-01
2.342342342342342398e+00,4.752922235610904100e-01,-1.027989923498659475e-01
2.352352352352352405e+00,4.473935059978271234e-01,8.379925568528238111e-01
2.362362362362362411e+00,4.190523807584098925e-01,1.166294653004094295e+00
2.372372372372372418e+00,3.902968731297252192e-01,-6.446956393770411076e-01
2.382382382382382424e+00,3.611554181631014826e-01,5.742847835521519562e-01
2.392392392392392431e+00,3.316568325561390917e-01,6.701108500712618099e-01
2.402402402402402437e+00,3.018302861571565687e-01,-1.688822661895794663e-02
2.412412412412412444e+00,2.717052731204129823e-01,7.306936595601415396e-02
2.422422422422422450e+00,2.413115827406394076e-01,1.748712939471616101e-01
2.432432432432432456e+00,2.106792699957262260e-01,6.178383029486206324e-02
2.442442442442442463e+00,1.798386258266803372e-01,2.533214130311922663e-02
2.452452452452452469e+00,1.488201471842492407e-01,-6.891817559807391635e-01
2.462462462462462476e+00,1.176545068718385517e-01,6.938202892633985597e-01
2.472472472472472482e+00,8.637252321452898451e-02,6.261818192329395849e-01
2.482482482482482489e+00,5.500512958419340875e-02,-3.516770000179080258e-01
2.492492492492492495e+00,2.358334381085696457e-02,-7.096288200904000698e-01
2.502502502502502502e+00,-7.861762489467533782e-03,2.526706757369117651e-01
2.512512512512512508e+00,-3.929909464013090631e-02,-3.271930795466639896e-01
2.522522522522522515e+00,-7.069756565199451781e-02,2.790160083953191483e-04
2.532532532532532521e+00,-1.020261269639833324e-01,-2.616903355365309269e-01
2.542542542542542527e+00,-1.332537991456392013e-01,2.125155763894540917e-01
2.552552552552552534e+00,-1.643497025313050419e-01,1.830248692966979229e-01
2.562562562562562540e+00,-1.952830877556691880e-01,-5.580817769874613088e-01
2.572572572572572547e+00,-2.260233661604484912e-01,-9.177053438579761968e-01
2.582582582582582553e+00,-2.565401400421647438e-01,-1.048009338709705585e+00
2.592592592592592560e+00,-2.868032327110902058e-01,1.838645684251238865e-02
2.602602602602602566e+00,-3.167827183316429540e-01,-9.112123472236574040e-01
2.612612612612612573e+00,-3.464489515147223253e-01,-5.998571286640661526e-01
2.622622622622622579e+00,-3.757725966327312705e-01,-6.739296158579852758e-01
2.632632632632632586e+00,-4.047246568282728552e-01,-4.310083049630459850e-01
2.642642642642642592e+00,-4.332765026878681036e-01,-1.401416405611121574e+00
2.652652652652652598e+00,-4.613999005523169994e-01,-3.670106021554027098e-01
2.662662662662662605e+00,-4.890670404357169154e-01,-2.271215285186141131e-01
2.672672672672672611e+00,-5.162505635255290048e-01,-4.720395200031983207e-01
2.682682682682682618e+00,-5.429235892364983052e-01,-6.983666750857341343e-01
2.692692692692692624e+00,-5.690597417916830603e-01,-5.203596586572913907e-01
2.702702702702702631e+00,-5.946331763042860263e-01,-3.951100034842209285e-01
2.712712712712712637e+00,-6.196186043345284222e-01,-2.005914982547853498e+00
2.722722722722722644e+00,-6.439913188962682611e-01,3.339648352290788269e-01
2.732732732732732650e+00,-6.677272188886486104e-01,-4.726805575446854091e-01
2.742742742742742657e+00,-6.908028329286098890e-01,-1.017007124122119910e+00
2.752752752752752663e+00,-7.131953425607093777e-01,-9.086720301545099243e-01
2.762762762762762669e+00,-7.348826048212753204e-01,-4.880117161466810960e-01
2.772772772772772676e+00,-7.558431741346116617e-01,-8.138951436517949389e-01
2.782782782782782682e+00,-7.760563235195787612e-01,-1.791398557410325942e+00
2.792792792792792689e+00,-7.955020650855898490e-01,2.367443655940698610e-01
2.802802802802802695e+00,-8.141611697977518824e-01,-8.694314984139881464e-01
2.812812812812812702e+00,-8.320151864916128792e-01,-3.219288306337130257e-01
2.822822822822822708e+00,-8.490464601186973326e-01,-1.195071384010892857e+00
2.832832832832832715e+00,-8.652381492048079048e-01,-9.704962208190903716e-02
2.842842842842842721e+00,-8.805742425038144416e-01,-7.374023980576747128e-01
2.852852852852852727e+00,-8.950395748304678101e-01,-5.906176575927424288e-01
2.862862862862862734e+00,-9.086198420565819722e-01,-1.431246525130059233e+00
2.872872872872872740e+00,-9.213016152557534921e-01,-3.157289704144030651e-01
2.882882882882882747e+00,-9.330723539826368818e-01,-5.881632717152427414e-01
2.892892892892892753e+00,-9.439204186736326330e-01,-2.929973038911334315e-01
2.902902902902902760e+00,-9.538350821567401772e-01,-1.267878861977529636e+00
2.912912912912912766e+00,-9.628065402591842181e-01,-1.203320099489578077e+00
2.922922922922922773e+00,-9.708259215023276045e-01,1.811324273396432982e-01
2.932932932932932779e+00,-9.778852958742847434e-01,-1.507893207235058375e+00
2.942942942942942786e+00,-9.839776826715612712e-01,-1.051952533010721780e+00
2.952952952952952792e+00,-9.890970574019611883e-01,-4.206513761006135388e-01
2.962962962962962798e+00,-9.932383577419429121e-01,-9.443758738845151601e-01
2.972972972972972805e+00,-9.963974885425264105e-01,-7.049206486658796678e-01
2.982982982982982811e+00,-9.985713258788059266e-01,-1.198295840510243515e+00
2.992992992992992818e+00,-9.997577201390606128e-01,-8.147297762153011824e-01
3.003003003003002824e+00,-9.999554981504109596e-01,-1.653218924018069247e+00
3.013013013013012831e+00,-9.991644643389178126e-01,-1.700991245298237864e-01
3.023023023023022837e+00,-9.973854009229762285e-01,-1.056467423487261081e+00
3.033033033033032844e+00,-9.946200671398149895e-01,-1.334709169138240226e+00
3.043043043043042850e+00,-9.908711975058637211e-01,-6.576796564899065611e-01
3.053053053053052857e+00,-9.861424991127114570e-01,-1.216502392806988020e+00
3.063063063063062863e+00,-9.804386479613270700e-01,-1.647567883662703903e+00
3.073073073073072869e+00,-9.737652843381671142e-01,-1.647124037236944893e+00
3.083083083083082876e+00,-9.661290072377483051e-01,-6.192424308926820498e-01
3.093093093093092882e+00,-9.575373678371911224e-01,-1.037324086910324628e+00
3.103103103103102889e+00,-9.479988620291955881e-01,-1.014849641863415197e+00
3.113113113113112895e+00,-9.375229220208275427e-01,-3.986510190326961744e-01
3.123123123123122902e+00,-9.261199070064266570e-01,-1.489532811384798539e+00
3.133133133133132908e+00,-9.138010929238539193e-01,-1.279139969356266393e+00
3.143143143143142915e+00,-9.005786613042189304e-01,-1.093018565894856575e+00
3.153153153153152921e+00,-8.864656872260991971e-01,-8.392898925675621458e-01
3.163163163163162928e+00,-8.714761263861727780e-01,-8.925618520314622106e-01
3.173173173173172934e+00,-8.556248012990469443e-01,-9.990683974940007817e-01
3.183183183183182940e+00,-8.389273866399274970e-01,-8.697405876877511988e-01
3.193193193193192947e+00,-8.214003937446262560e-01,-8.750530318902135507e-01
3.203203203203202953e+00,-8.030611542822265747e-01,-1.162863348558123011e+00
3.213213213213213404e+00,-7.839278031165654026e-01,-1.190424297393604114e+00
3.223223223223223410e+00,-7.640192603734687893e-01,-6.267610815114990075e-01
3.233233233233233417e+00,-7.433552127314693170e-01,-1.188812754229233271e+00
3.243243243243243423e+00,-7.219560939545247580e-01,-1.300633723549951437e+00
3.253253253253253430e+00,-6.998430646859654658e-01,-8.559891902488121485e-01
3.263263263263263436e+00,-6.770379915236762747e-01,-7.558714996055841961e-01
3.273273273273273443e+00,-6.535634253971789320e-01,4.747983232519257246e-01
3.283283283283283449e+00,-6.294425792680153897e-01,-9.817927171961322586e-01
3.293293293293293456e+00,-6.046993051754746551e-01,-1.330689426907272765e-01
3.303303303303303462e+00,-5.793580706503674849e-01,-2.057639035480515743e-01
3.313313313313313468e+00,-5.534439345201587201e-01,-1.147916412122026664e+00
3.323323323323323475e+00,-5.269825221294096584e-01,-1.403560334281098165e-01
3.333333333333333481e+00,-4.999999999999998335e-01,-1.091940320096658645e+00
3.343343343343343488e+00,-4.725230499562115272e-01,-1.802109168954582064e+00
3.353353353353353494e+00,-4.445788427402520004e-01,-1.414190805605616275e-01
3.363363363363363501e+00,-4.161950111443084022e-01,-1.294140302863168168e+00
3.373373373373373507e+00,-3.873996226856935565e-01,-1.619323917827361348e-01
3.383383383383383514e+00,-3.582211518521277172e-01,-7.002266007207360587e-01
3.393393393393393520e+00,-3.286884519445688602e-01,5.010869461503671962e-01
3.403403403403403527e+00,-2.988307265454595019e-01,2.354239731125450374e-01
3.413413413413413533e+00,-2.686775006405940358e-01,-4.953704025662878374e-01
3.423423423423423539e+00,-2.382585914231642177e-01,-5.821773969375053648e-01
3.433433433433433546e+00,-2.076040788088559241e-01,-8.146427803559161962e-01
3.443443443443443552e+00,-1.767442756911420665e-01,-3.972055918374377548e-01
3.453453453453453559e+00,-1.457096979662115821e-01,-2.858874455584661245e-01
3.463463463463463565e+00,-1.145310343571408068e-01,-2.968778065529835142e-01
3.473473473473473572e+00,-8.323911606717240841e-02,-4.887188430990424548e-03
3.483483483483483578e+00,-5.186488629210039836e-02,2.373958625723388005e-01
3.493493493493493585e+00,-2.043936962191240936e-02,1.543878588746745995e-01
3.503503503503503591e+00,1.100635863806410063e-02,-3.710656033151574218e-01
3.513513513513513598e+00,4.244120319614796966e-02,-6.764545337046412588e-01
3.523523523523523604e+00,7.383407952307187438e-02,7.561000035743075109e-01
3.533533533533533610e+00,1.051539445900984832e-01,-2.395706476848703526e-01
3.543543543543543617e+00,1.363698275661003878e-01,-1.897769724014091719e-01
3.553553553553553623e+00,1.674508604432451975e-01,-9.314379570731023961e-02
3.563563563563563630e+00,1.983663085610121168e-01,-7.231684665173121473e-01
3.573573573573573636e+00,2.290856009983294750e-01,-9.901401021913863731e-03
3.583583583583583643e+00,2.595783608038153556e-01,1.975045379984152749e-02
3.593593593593593649e+00,2.898144350342011788e-01,5.999935842059573865e-01
3.603603603603603656e+00,3.197639245712455280e-01,6.689924991249135422e-01
3.613613613613613662e+00,3.493972136876514201e-01,3.512826582307860823e-01
3.623623623623623669e+00,3.786849993327491837e-01,8.446091863899010121e-01
3.633633633633633675e+00,4.075983201089956043e-01,5.775808120096266318e-01
3.643643643643643681e+00,4.361085849106106638e-01,4.282675291093333003e-01
3.653653653653653688e+00,4.641876011960659465e-01,5.446516853451774942e-01
3.663663663663663694e+00,4.918076028664417620e-01,3.964808560757420719e-01
3.673673673673673701e+00,5.189412777220961948e-01,3.215165207053710672e-01
3.683683683683683707e+00,5.455617944704909128e-01,4.116950260235077153e-01
3.693693693693693714e+00,5.716428292584779802e-01,7.637163523474543858e-03
3.703703703703703720e+00,5.971585917027857349e-01,7.373794443609337224e-01
3.713713713713713727e+00,6.220838503929957408e-01,1.255220449282054007e-01
3.723723723723723733e+00,6.463939578417692289e-01,1.067209589878587384e+00
3.733733733733733740e+00,6.700648748576574221e-01,5.453355847771830245e-01
3.743743743743743746e+00,6.930731943163961351e-01,7.178206851414414835e-01
3.753753753753753752e+00,7.153961643071812260e-01,9.623145524476593993e-01
3.763763763763763759e+00,7.370117106310206667e-01,1.058668943162484499e+00
3.773773773773773765e+00,7.578984586289405634e-01,-2.741324568778580328e-02
3.783783783783783772e+00,7.780357543184392988e-01,6.745839162364534181e-01
3.793793793793793778e+00,7.974036848172989522e-01,1.237493140857690133e+00
3.803803803803803785e+00,8.159830980345547102e-01,-3.306981168157252515e-02
3.813813813813813791e+00,8.337556216091509542e-01,1.027395859306682535e+00
3.823823823823823798e+00,8.507036810775610025e-01,-2.770784336235336820e-01
3.833833833833833804e+00,8.668105172523925539e-01,3.555570954345907975e-01
3.843843843843843811e+00,8.820602027948112323e-01,9.013754787149053094e-01
3.853853853853853817e+00,8.964376579643816845e-01,6.808010680340481624e-02
3.863863863863863823e+00,9.099286655307567973e-01,4.171732966886814720e-01
3.873873873873873830e+00,9.225198848324681622e-01,1.866023811006747302e-01
3.883883883883883836e+00,9.341988649689194624e-01,1.758266331072699362e+00
3.893893893893893843e+00,9.449540571125280009e-01,1.027067934856195075e+00
3.903903903903903849e+00,9.547748259288534323e-01,1.238419964855188127e+00
3.913913913913913856e+00,9.636514600934086294e-01,8.523139098358314403e-01
3.923923923923923862e+00,9.715751818947602203e-01,7.948593075161607402e-01
3.933933933933933869e+00,9.785381559144192831e-01,1.703010615889030133e-01
3.943943943943943875e+00,9.845334967749417299e-01,8.386148154010103495e-01
3.953953953953953881e+00,9.895552759485717331e-01,6.088091700427600284e-01
3.963963963963963888e+00,9.935985276197029092e-01,1.422560489765871017e+00
3.973973973973973894e+00,9.966592535953529008e-01,1.567210186924139492e+00
3.983983983983983901e+00,9.987344272588005722e-01,1.732023785045889497e+00
3.993993993993993907e+00,9.998219965624731698e-01,1.426097966293089048e+00
4.004004004004004358e+00,9.999208860571254798e-01,7.005939175956323872e-01
4.014014014014014364e+00,9.990309979553043673e-01,4.410825049751071480e-01
4.024024024024024371e+00,9.971532122280463151e-01,1.380484803050589404e+00
4.034034034034034377e+00,9.942893857347128161e-01,1.172435794470857218e+00
4.044044044044044384e+00,9.904423503868243772e-01,1.061731250483090028e-01
4.054054054054054390e+00,9.856159103477084571e-01,1.163356806719592962e+00
4.064064064064064397e+00,9.798148382707293491e-01,1.387074749514662475e+00
4.074074074074074403e+00,9.730448705798236952e-01,1.002507665170638607e+00
4.084084084084084409e+00,9.653127017970031254e-01,8.727858662923323463e-01
4.094094094094094416e+00,9.566259779224375315e-01,5.528017341142597019e-01
4.104104104104104422e+00,9.469932888736628529e-01,2.237259390919689173e-01
4.114114114114114429e+00,9.364241599913923908e-01,1.336573134661406037e+00
4.124124124124124435e+00,9.249290426203250481e-01,7.703718202344707056e-01
4.134134134134134442e+00,9.125193037742760360e-01,7.957859730024297029e-01
4.144144144144144448e+00,8.992072148958365485e-01,1.765567808355403168e+00
4.154154154154154455e+00,8.850059397216870627e-01,1.227256493151282157e+00
4.164164164164164461e+00,8.699295212655591136e-01,1.055342021906110261e+00
4.174174174174174468e+00,8.539928679317210225e-01,9.250237705253387954e-01
4.184184184184184474e+00,8.372117387727108229e-01,1.597209169155597186e+00
4.194194194194194480e+00,8.196027279059114878e-01,1.679397381614008644e+00
4.204204204204204487e+00,8.011832481043572596e-01,1.265935803844121299e+00
4.214214214214214493e+00,7.819715135780126447e-01,1.073083809276974776e+00
4.224224224224224500e+00,7.619865219625444608e-01,-2.853150136405279147e-01
4.234234234234234506e+00,7.412480355333993520e-01,8.031089926501526755e-01
4.244244244244244513e+00,7.197765616637636921e-01,6.547230845669116395e-01
4.254254254254254519e+00,6.975933325457229772e-01,7.445699472385073348e-01
4.264264264264264526e+00,6.747202841946924323e-01,1.146243327855951399e+00
4.274274274274274532e+00,6.511800347578553527e-01,-7.186585488369228170e-01
4.284284284284284539e+00,6.269958621480778982e-01,3.423398354129853494e-01
4.294294294294294545e+00,6.021916810254087649e-01,7.371438584957894502e-01
4.304304304304304551e+00,5.767920191489301907e-01,3.433692461225489323e-01
4.314314314314314558e+00,5.508219931223341526e-01,-1.576310634407955824e-01
4.324324324324324564e+00,5.243072835572316626e-01,9.587890270056294018e-01
4.334334334334334571e+00,4.972741096787238746e-01,6.357100626017878620e-01
4.344344344344344577e+00,4.697492033983703408e-01,-1.580308182387196725e-02
4.354354354354354584e+00,4.417597828801824167e-01,5.991683851380943393e-01
4.364364364364364590e+00,4.133335256257846257e-01,8.241263816506825268e-01
4.374374374374374597e+00,3.844985411053494784e-01,3.871448642550299191e-01
4.384384384384384603e+00,3.552833429613937444e-01,7.555657446768921925e-01
4.394394394394394610e+00,3.257168208128904396e-01,3.648469083937211366e-01
4.404404404404404616e+00,2.958282116876020940e-01,9.821372036042491649e-02
4.414414414414414622e+00,2.656470711108757099e-01,-3.140631870890807642e-01
4.424424424424424629e+00,2.352032438794890989e-01,1.922378603936827357e-01
4.434434434434434635e+00,2.045268345494514750e-01,3.016733035723372924e-01
4.444444444444444642e+00,1.736481776669306920e-01,6.115645584605962082e-01
4.454454454454454648e+00,1.425978077717709180e-01,8.504407352815755716e-02
4.464464464464464655e+00,1.114064292032280884e-01,3.401142323137235079e-01
4.474474474474474661e+00,8.010488573780663590e-02,-4.022011211290575927e-01
4.484484484484484668e+00,4.872413008921144123e-02,-3.425904478245511142e-01
4.494494494494494674e+00,1.729519330057819118e-02,-3.789945621286568145e-02
4.504504504504504681e+00,-1.415084594076158366e-02,-5.414650779332684793e-01
4.514514514514514687e+00,-4.558289203561100011e-02,3.645410266267296029e-01
4.524524524524524693e+00,-7.696986322197939268e-02,1.545953014373241396e-01
4.534534534534534700e+00,-1.082807223104621103e-01,3.126715988576460326e-02
4.544544544544544706e+00,-1.394845073755461295e-01,2.996755523242614072e-02
4.554554554554554713e+00,-1.705503623724905216e-01,8.399714183699081849e-01
4.564564564564564719e+00,-2.014475676495045275e-01,-4.358796616329023710e-01
4.574574574574574726e+00,-2.321455703250611680e-01,-1.332866213075340145e+00
4.584584584584584732e+00,-2.626140145002817672e-01,-1.629639160520491847e-01
4.594594594594594739e+00,-2.928227712765504864e-01,-3.181245417573834167e-01
4.604604604604604745e+00,-3.227419685486496159e-01,-5.815014898038513014e-01
4.614614614614614752e+00,-3.523420205439649067e-01,-8.417569502233498424e-01
4.624624624624624758e+00,-3.815936570785476989e-01,-6.011884179796216365e-01
4.634634634634634764e+00,-4.104679525011132868e-01,-3.197987378922026447e-01
4.644644644644644771e+00,-4.389363542963302667e-01,-6.903447046175994473e-01
4.654654654654654777e+00,-4.669707113191479686e-01,7.392561284527263687e-01
4.664664664664664784e+00,-4.945433016322189346e-01,-9.747954924487929329e-01
4.674674674674674790e+00,-5.216268599188981225e-01,-9.181855412727339960e-01
4.684684684684684797e+00,-5.481946044447089106e-01,-1.692504624451973250e+00
4.694694694694694803e+00,-5.742202635406229438e-01,-4.484780560298544660e-01
4.704704704704704810e+00,-5.996781015819444560e-01,-1.607881415481824394e+00
4.714714714714714816e+00,-6.245429444371387584e-01,-8.942702611243894539e-01
4.724724724724724823e+00,-6.487902043614173220e-01,-7.866254716416958281e-01
4.734734734734734829e+00,-6.723959043104726918e-01,-1.027259887233916924e+00
4.744744744744744835e+00,-6.953367016503182452e-01,1.740996370769372081e-01
4.754754754754754842e+00,-7.175899112397872148e-01,-2.203927155820377681e-01
4.764764764764764848e+00,-7.391335278628706762e-01,-7.956508971208287040e-02
4.774774774774774855e+00,-7.599462479886972543e-01,-1.201155657263656584e+00
4.784784784784784861e+00,-7.800074908376581906e-01,-2.157104585803739649e-01
4.794794794794794868e+00,-7.992974187328302227e-01,-5.512969455608491831e-01
4.804804804804804874e+00,-8.177969567165779274e-01,-4.320939823781551614e-01
4.814814814814814881e+00,-8.354878114129358213e-01,-3.207683970215522429e-01
4.824824824824824887e+00,-8.523524891171235796e-01,-1.306734112096650247e+00
4.834834834834834894e+00,-8.683743130942923605e-01,-1.080533123583243160e+00
4.844844844844844900e+00,-8.835374400704151254e-01,-4.522394344061895777e-01
4.854854854854854906e+00,-8.978268758989991216e-01,-2.225636422386465529e+00
4.864864864864864913e+00,-9.112284903881358034e-01,-1.545644491015332189e-01
4.874874874874874919e+00,-9.237290312732220343e-01,-6.471629991694300976e-01
4.884884884884884926e+00,-9.353161373215425067e-01,-9.581681176516598786e-01
4.894894894894894932e+00,-9.459783505557420868e-01,-8.357245226771554680e-01
4.904904904904904939e+00,-9.557051275841167426e-01,-1.470672769238605015e+00
4.914914914914914945e+00,-9.644868500265069144e-01,-1.139458532321059314e+00
4.924924924924924952e+00,-9.723148340254890165e-01,-4.221726649153021427e-01
4.934934934934934958e+00,-9.791813388334580370e-01,-3.301703526703474445e-01
4.944944944944944965e+00,-9.850795744671112519e-01,3.630324518146785806e-01
4.954954954954954971e+00,-9.900037084217636618e-01,-1.026966041561971243e+00
4.964964964964964977e+00,-9.939488714388521329e-01,-1.323225354841353951e+00
4.974974974974974984e+00,-9.969111623209320205e-01,-1.254028145290926322e+00
4.984984984984984990e+00,-9.988876517893978679e-01,-1.507908589433080149e+00
4.994994994994994997e+00,-9.998763853811183377e-01,-1.038803763351543674e+00
5.005005005005005003e+00,-9.998763853811184488e-01,-8.085101703749844049e-01
5.015015015015015010e+00,-9.988876517893978679e-01,-1.016008792055374865e+00
5.025025025025025016e+00,-9.969111623209320205e-01,-4.487377394880327497e-01
5.035035035035035023e+00,-9.939488714388523549e-01,-1.111056772111120639e+00
5.045045045045045029e+00,-9.900037084217638839e-01,-1.163729034671045603e+00
5.055055055055055035e+00,-9.850795744671114740e-01,-1.275713812897274035e+00
5.065065065065065042e+00,-9.791813388334582591e-01,-1.795498601950705986e+00
5.075075075075075048e+00,-9.723148340254892386e-01,-1.756198696179716245e+00
5.085085085085085055e+00,-9.644868500265072475e-01,-1.554065815345351265e+00
5.095095095095095061e+00,-9.557051275841171867e-01,-3.049910917517367759e-01
5.105105105105105068e+00,-9.459783505557430860e-01,-4.983482141107781205e-01
5.115115115115115074e+00,-9.353161373215429508e-01,-2.478341041250480270e-01
5.125125125125125081e+00,-9.237290312732232556e-01,-1.589834858570474019e+00
5.135135135135135087e+00,-9.112284903881355813e-01,-1.895540835281145586e+00
5.145145145145145094e+00,-8.978268758989996767e-01,-1.227855035966041175e+00
5.155155155155155100e+00,-8.835374400704147924e-01,-7.956279634224008301e-01
5.165165165165165106e+00,-8.683743130942930266e-01,-6.190291756393793143e-01
5.175175175175175113e+00,-8.523524891171251339e-01,-3.283664111330987234e-01
5.185185185185185119e+00,-8.354878114129364874e-01,-6.933479760093291810e-01
5.195195195195195126e+00,-8.177969567165787046e-01,5.353743361123686206e-02
5.205205205205205132e+00,-7.992974187328298896e-01,-9.106002592069901702e-01
5.215215215215215139e+00,-7.800074908376589677e-01,-1.236547099858557264e+00
5.225225225225225145e+00,-7.599462479886991417e-01,-1.600555355735915786e+00
5.235235235235235152e+00,-7.391335278628714534e-01,-1.183619206910596411e+00
5.245245245245245158e+00,-7.175899112397893242e-01,-5.965309307472278499e-01
5.255255255255255165e+00,-6.953367016503179121e-01,-1.139696830327133314e+00
5.265265265265265171e+00,-6.723959043104735800e-01,-2.040246725428450092e-01
5.275275275275275177e+00,-6.487902043614168779e-01,5.737364865730465446e-02
5.285285285285285184e+00,-6.245429444371396466e-01,-1.809336397050441025e+00
5.295295295295295190e+00,-5.996781015819467875e-01,-1.676519513331228284e-01
5.305305305305305197e+00,-5.742202635406239430e-01,-1.694022292871492308e+00
5.315315315315315203e+00,-5.481946044447114641e-01,-3.474450768995677175e-01
5.325325325325325210e+00,-5.216268599188976784e-01,9.080842217793216875e-02
5.335335335335335216e+00,-4.945433016322199893e-01,-4.621152484604318933e-01
5.345345345345345223e+00,-4.669707113191474690e-01,-1.106815297921267316e+00
5.355355355355355229e+00,-4.389363542963313769e-01,-7.316519564352177429e-01
5.365365365365365236e+00,-4.104679525011160623e-01,-5.412906753565663864e-01
5.375375375375375242e+00,-3.815936570785488091e-01,-4.727160489735202642e-01
5.385385385385385248e+00,-3.523420205439660724e-01,-4.537904409272995876e-01
5.395395395395395255e+00,-3.227419685486491163e-01,-3.776833582033060077e-01
5.405405405405405261e+00,-2.928227712765516522e-01,-1.860827468214671931e-01
5.415415415415415268e+00,-2.626140145002846538e-01,-8.669008413668952695e-01
5.425425425425425274e+00,-2.321455703250623614e-01,-3.531554852601720973e-01
5.435435435435435281e+00,-2.014475676495074696e-01,5.576830175283452595e-01
5.445445445445445287e+00,-1.705503623724899664e-01,-3.628730739437488473e-01
5.455455455455455294e+00,-1.394845073755473230e-01,-3.614025539531462439e-01
5.465465465465465300e+00,-1.082807223104615690e-01,4.308179295466573189e-01
5.475475475475475307e+00,-7.696986322198061392e-02,-1.356562196394028863e+00
5.485485485485485313e+00,-4.558289203561399772e-02,5.451064086085288807e-01
5.495495495495495319e+00,-1.415084594076280837e-02,-3.301027249433464705e-01
5.505505505505505326e+00,1.729519330057519358e-02,9.925947952686850484e-02
5.515515515515515332e+00,4.872413008921198940e-02,9.688480804981039474e-02
5.525525525525525339e+00,8.010488573780541466e-02,5.513389453480023183e-01
5.535535535535535345e+00,1.114064292032286296e-01,-2.239094391444521048e-02
5.545545545545545352e+00,1.425978077717697245e-01,-1.964150830104554601e-01
5.555555555555555358e+00,1.736481776669277222e-01,8.225710729924771147e-01
5.565565565565565365e+00,2.045268345494502815e-01,-9.775600740211397577e-01
5.575575575575575371e+00,2.352032438794879332e-01,2.453703347321095629e-01
5.585585585585585378e+00,2.656470711108762095e-01,-4.083156402036839938e-01
5.595595595595595384e+00,2.958282116876009282e-01,-8.495848244067855104e-02
5.605605605605605390e+00,3.257168208128876086e-01,1.331345161544456035e+00
5.615615615615615397e+00,3.552833429613926342e-01,3.329856297334641280e-01
5.625625625625625403e+00,3.844985411053467028e-01,4.820333896810372609e-01
5.635635635635635410e+00,4.133335256257834600e-01,-4.774479022270122219e-01
5.645645645645645416e+00,4.417597828801813065e-01,7.723745348283345136e-02
5.655655655655655423e+00,4.697492033983708404e-01,5.680279037627633532e-01
5.665665665665665429e+00,4.972741096787228199e-01,6.746529562353318354e-01
5.675675675675675436e+00,5.243072835572291091e-01,8.327505607538685517e-01
5.685685685685685442e+00,5.508219931223331534e-01,5.551359425811213111e-01
5.695695695695695449e+00,5.767920191489276371e-01,8.402941233762575290e-01
5.705705705705705455e+00,6.021916810254092089e-01,8.290826373432511609e-01
5.715715715715715461e+00,6.269958621480768990e-01,-2.878743433541888219e-01
5.725725725725725468e+00,6.511800347578557968e-01,6.696828957129306037e-01
5.735735735735735474e+00,6.747202841946915441e-01,1.058671488061043497e+00
5.745745745745745481e+00,6.975933325457208678e-01,9.925332429129806178e-01
5.755755755755755487e+00,7.197765616637629149e-01,5.378471566783680213e-01
5.765765765765765494e+00,7.412480355333985749e-01,3.384347817637146649e-01
5.775775775775775500e+00,7.619865219625447939e-01,2.028305598017287048e-01
5.785785785785785507e+00,7.819715135780118676e-01,7.164445078073057305e-01
5.795795795795795513e+00,8.011832481043554832e-01,1.367723187884216429e+00
5.805805805805805520e+00,8.196027279059107107e-01,-1.562993228348903418e-01
5.815815815815815526e+00,8.372117387727091575e-01,5.072658739079601853e-01
5.825825825825825532e+00,8.539928679317203564e-01,2.840916402183333300e-01
5.835835835835835539e+00,8.699295212655585585e-01,1.262408281885808670e+00
5.845845845845845545e+00,8.850059397216872847e-01,6.078511264360368926e-01
5.855855855855855552e+00,8.992072148958359934e-01,6.638883858184403408e-01
5.865865865865865558e+00,9.125193037742748148e-01,8.040445188059502923e-01
5.875875875875875565e+00,9.249290426203246041e-01,1.147625668067723259e+00
5.885885885885885571e+00,9.364241599913913916e-01,7.402296609165730512e-01
5.895895895895895578e+00,9.469932888736630749e-01,-5.760782385263002459e-01
5.905905905905905584e+00,9.566259779224370874e-01,1.228281923616196813e+00
5.915915915915915591e+00,9.653127017970033474e-01,1.184834180633024703e+00
5.925925925925925597e+00,9.730448705798234732e-01,8.632743564142169035e-01
5.935935935935935603e+00,9.798148382707287940e-01,4.377965279347615368e-01
5.945945945945945610e+00,9.856159103477082351e-01,1.161505965688387487e+00
5.955955955955955616e+00,9.904423503868242662e-01,1.180060117154617672e+00
5.965965965965965623e+00,9.942893857347129272e-01,7.592729443842755055e-01
5.975975975975975629e+00,9.971532122280462040e-01,8.887874769402769326e-01
5.985985985985985636e+00,9.990309979553042563e-01,5.339527466931436317e-01
5.995995995995995642e+00,9.999208860571254798e-01,9.106263400134608776e-01
6.006006006006005649e+00,9.998219965624731698e-01,2.246073240207326904e-01
6.016016016016015655e+00,9.987344272588005722e-01,1.207393837774718204e+00
6.026026026026025662e+00,9.966592535953531229e-01,5.244750081832061372e-01
6.036036036036035668e+00,9.935985276197030203e-01,1.112650101535859193e+00
6.046046046046045674e+00,9.895552759485721772e-01,2.865738178146225446e-01
6.056056056056055681e+00,9.845334967749426180e-01,6.895046738401727771e-01
6.066066066066065687e+00,9.785381559144199493e-01,9.232934533814560751e-01
6.076076076076075694e+00,9.715751818947609975e-01,1.412252759601293484e-01
6.086086086086085700e+00,9.636514600934089625e-01,1.021225396663455021e+00
6.096096096096095707e+00,9.547748259288543204e-01,7.652010444888929230e-01
6.106106106106105713e+00,9.449540571125284449e-01,7.377595820791316150e-02
6.116116116116115720e+00,9.341988649689204616e-01,2.825774879127626038e-01
6.126126126126125726e+00,9.225198848324699386e-01,1.225079926873553271e+00
6.136136136136135732e+00,9.099286655307573524e-01,1.357706658306419456e+00
6.146146146146145739e+00,8.964376579643830167e-01,8.304833380743994464e-01
6.156156156156155745e+00,8.820602027948117874e-01,1.084441108815060506e+00
6.166166166166165752e+00,8.668105172523939972e-01,9.787322989088493852e-01
6.176176176176175758e+00,8.507036810775616686e-01,1.015515172141430611e+00
6.186186186186185765e+00,8.337556216091526196e-01,1.476747625149299026e+00
6.196196196196195771e+00,8.159830980345564866e-01,6.248389892742045593e-02
6.206206206206205778e+00,7.974036848172997294e-01,1.135634050998111322e+00
6.216216216216215784e+00,7.780357543184412972e-01,5.870312765295311319e-01
6.226226226226225791e+00,7.578984586289414516e-01,6.457689915031212813e-01
6.236236236236235797e+00,7.370117106310227761e-01,5.858868454034877882e-01
6.246246246246245803e+00,7.153961643071845566e-01,5.278226059765426248e-01
6.256256256256255810e+00,6.930731943163983555e-01,7.997509842488881304e-02
6.266266266266265816e+00,6.700648748576596425e-01,7.617344744864602557e-01
6.276276276276275823e+00,6.463939578417701171e-01,1.481865474236198743e+00
6.286286286286285829e+00,6.220838503929981833e-01,5.940173401686196231e-01
6.296296296296295836e+00,5.971585917027866230e-01,5.964660703352387960e-01
6.306306306306305842e+00,5.716428292584804227e-01,2.279933106801486642e-01
6.316316316316315849e+00,5.455617944704949096e-01,4.868245212614391582e-01
6.326326326326325855e+00,5.189412777220971940e-01,7.520244907391125944e-01
6.336336336336335862e+00,4.918076028664444266e-01,3.066863825142729372e-01
6.346346346346345868e+00,4.641876011960670567e-01,2.372855806700665260e-01
6.356356356356355874e+00,4.361085849106133838e-01,6.377408549922367609e-01
6.366366366366365881e+00,4.075983201089967145e-01,-5.140406480052600591e-02
6.376376376376375887e+00,3.786849993327519592e-01,5.049333128711881447e-01
6.386386386386385894e+00,3.493972136876542511e-01,7.595581123183651195e-01
6.396396396396395900e+00,3.197639245712466938e-01,9.997381954109888502e-01
6.406406406406405907e+00,2.898144350342040654e-01,2.446234313957306727e-01
6.416416416416416801e+00,2.595783608038165213e-01,9.433769807071732405e-01
6.426426426426426808e+00,2.290856009983289476e-01,7.462905442390880273e-01
6.436436436436436814e+00,1.983663085610133381e-01,-2.997400116245197421e-01
6.446446446446446821e+00,1.674508604432446701e-01,-4.415183953533308170e-01
6.456456456456456827e+00,1.363698275660998327e-01,-1.611199136111038377e-02
6.466466466466466834e+00,1.051539445900961656e-01,6.196216908875232798e-01
6.476476476476476840e+00,7.383407952307131927e-02,3.769057574306886732e-02
6.486486486486486847e+00,4.244120319614919784e-02,-2.578875756327450586e-01
6.496496496496496853e+00,1.100635863806354899e-02,7.871279486623439237e-01
6.506506506506506859e+00,-2.043936962191118464e-02,1.230128743797620078e-01
6.516516516516516866e+00,-5.186488629210272289e-02,-1.212162024187473541e+00
6.526526526526526872e+00,-8.323911606717294964e-02,7.534119707917143194e-02
6.536536536536536879e+00,-1.145310343571395995e-01,1.454892729282943054e-01
6.546546546546546885e+00,-1.457096979662121372e-01,-3.290537073066024387e-02
6.556556556556556892e+00,-1.767442756911408730e-01,4.811177442485539690e-02
6.566566566566566898e+00,-2.076040788088564792e-01,-2.412418832703473459e-01
6.576576576576576905e+00,-2.382585914231647450e-01,-8.974565262455318493e-01
6.586586586586586911e+00,-2.686775006405962563e-01,-4.540295022508229472e-01
6.596596596596596918e+00,-2.988307265454600570e-01,-7.716386243236057485e-01
6.606606606606606924e+00,-3.286884519445676944e-01,-7.950589073417566599e-01
6.616616616616616930e+00,-3.582211518521282168e-01,-9.897553264032659115e-01
6.626626626626626937e+00,-3.873996226856923908e-01,-1.611550763658692043e-01
6.636636636636636943e+00,-4.161950111443089018e-01,-3.672469384379953850e-01
6.646646646646646950e+00,-4.445788427402525000e-01,-6.686615240806065286e-01
6.656656656656656956e+00,-4.725230499562135811e-01,-7.971920138214076967e-01
6.666666666666666963e+00,-5.000000000000003331e-01,-5.117115525107264196e-01
6.676676676676676969e+00,-5.269825221294086592e-01,1.261484192683592909e-02
6.686686686686686976e+00,-5.534439345201592753e-01,-1.555551792269616929e+00
6.696696696696696982e+00,-5.793580706503664857e-01,-3.909198102249201168e-01
6.706706706706706989e+00,-6.046993051754765425e-01,-8.775552921843676746e-01
6.716716716716716995e+00,-6.294425792680157228e-01,-1.571735501757739684e+00
6.726726726726727001e+00,-6.535634253971780439e-01,-1.626414966979157439e+00
6.736736736736737008e+00,-6.770379915236766077e-01,-1.133429738591322566e+00
6.746746746746747014e+00,-6.998430646859645776e-01,-5.900882867894419181e-01
6.756756756756757021e+00,-7.219560939545252021e-01,-5.254246269644793355e-01
6.766766766766767027e+00,-7.433552127314697611e-01,-1.212845999070362391e+00
6.776776776776777034e+00,-7.640192603734703436e-01,-2.555087646668480206e-01
6.786786786786787040e+00,-7.839278031165657357e-01,-7.243605485851267733e-02
6.796796796796797047e+00,-8.030611542822246873e-01,-6.050178618039445677e-01
6.806806806806807053e+00,-8.214003937446255899e-01,-1.117101727648680987e+00
6.816816816816817060e+00,-8.389273866399268309e-01,-2.767177943847427546e-01
6.826826826826827066e+00,-8.556248012990471663e-01,-4.779269534673780129e-01
6.836836836836837072e+00,-8.714761263861722229e-01,-4.377724207087132502e-01
6.846846846846847079e+00,-8.864656872260994191e-01,-1.214697524711865206e+00
6.856856856856857085e+00,-9.005786613042183752e-01,-2.317855913941569312e+00
6.866866866866867092e+00,-9.138010929238526980e-01,1.445944178179849882e-01
6.876876876876877098e+00,-9.261199070064261019e-01,-1.731559108731393071e+00
6.886886886886887105e+00,-9.375229220208270986e-01,-9.554069579509376631e-01
6.896896896896897111e+00,-9.479988620291958101e-01,2.423738135806793315e-01
6.906906906906907118e+00,-9.575373678371907893e-01,-7.922489897000037917e-01
6.916916916916917124e+00,-9.661290072377475280e-01,-4.915057704586296983e-01
6.926926926926927131e+00,-9.737652843381668921e-01,-1.724963569029023258e+00
6.936936936936937137e+00,-9.804386479613265148e-01,-1.869272125328179657e+00
6.946946946946947143e+00,-9.861424991127115680e-01,-1.252493895102488874e+00
6.956956956956957150e+00,-9.908711975058636101e-01,-4.454963302886135734e-01
6.966966966966967156e+00,-9.946200671398149895e-01,-1.167744790963469947e+00
6.976976976976977163e+00,-9.973854009229762285e-01,-1.394703561458725538e+00
6.986986986986987169e+00,-9.991644643389177016e-01,-9.001808193664340152e-01
6.996996996996997176e+00,-9.999554981504109596e-01,-4.589878889117783300e-01
7.007007007007007182e+00,-9.997577201390606128e-01,-1.722227819675746563e+00
7.017017017017017189e+00,-9.985713258788059266e-01,-1.603842822940481749e+00
7.027027027027027195e+00,-9.963974885425265215e-01,-1.390732115797209678e+00
7.037037037037037202e+00,-9.932383577419428011e-01,-4.459191703858971234e-01
7.047047047047047208e+00,-9.890970574019614103e-01,-8.716862944275954872e-01
7.057057057057057214e+00,-9.839776826715618263e-01,8.209902261365997767e-02
7.067067067067067221e+00,-9.778852958742849655e-01,-5.096624329587270408e-01
7.077077077077077227e+00,-9.708259215023279376e-01,-9.883735099371631083e-01
7.087087087087087234e+00,-9.628065402591841071e-01,-3.302676212148011325e-01
7.097097097097097240e+00,-9.538350821567406213e-01,-8.480865757908016000e-01
7.107107107107107247e+00,-9.439204186736336322e-01,-1.296381094927355981e+00
7.117117117117117253e+00,-9.330723539826373258e-01,-5.930849318600861508e-01
7.127127127127127260e+00,-9.213016152557546024e-01,-1.269464942186296019e+00
7.137137137137137266e+00,-9.086198420565817502e-01,-1.053818392458515163e+00
7.147147147147147273e+00,-8.950395748304683652e-01,-2.311482268514768457e-01
7.157157157157157279e+00,-8.805742425038142196e-01,-9.312149856125139236e-01
7.167167167167167285e+00,-8.652381492048084599e-01,-1.266808842875622565e+00
7.177177177177177292e+00,-8.490464601186988869e-01,-1.081215305836444651e+00
7.187187187187187298e+00,-8.320151864916135453e-01,-3.211198936972770035e-01
7.197197197197197305e+00,-8.141611697977536588e-01,-1.090431506506118309e+00
7.207207207207207311e+00,-7.955020650855895159e-01,-9.889374885109127877e-01
7.217217217217217318e+00,-7.760563235195795384e-01,-1.031202693336393805e+00
7.227227227227227324e+00,-7.558431741346112176e-01,-6.638804269644562606e-01
7.237237237237237331e+00,-7.348826048212760975e-01,-9.276274850090802104e-01
7.247247247247247337e+00,-7.131953425607114871e-01,-1.514113367046979963e+00
7.257257257257257343e+00,-6.908028329286108882e-01,-1.134393303851131130e+00
7.267267267267267350e+00,-6.677272188886494986e-01,-1.134121739641868576e+00
7.277277277277277356e+00,-6.439913188962678170e-01,-2.233162666869037416e-02
7.287287287287287363e+00,-6.196186043345293104e-01,-2.132815832800081246e-01
7.297297297297297369e+00,-5.946331763042884688e-01,-3.010034866043754809e-01
7.307307307307307376e+00,-5.690597417916840595e-01,-8.217389004238890848e-01
7.317317317317317382e+00,-5.429235892365008587e-01,-9.508193602334864547e-01
7.327327327327327389e+00,-5.162505635255285608e-01,-7.700093643542070820e-01
7.337337337337337395e+00,-4.890670404357179701e-01,-1.015007091711555010e+00
7.347347347347347402e+00,-4.613999005523164998e-01,7.872002952411870647e-01
7.357357357357357408e+00,-4.332765026878692138e-01,-1.555937326873570115e+00
7.367367367367367414e+00,-4.047246568282755752e-01,-1.227203892913710237e-01
7.377377377377377421e+00,-3.757725966327324363e-01,-1.018048745628996166e+00
7.387387387387387427e+00,-3.464489515147251009e-01,-3.986206972620714439e-01
7.397397397397397434e+00,-3.167827183316423989e-01,-8.107836895785096587e-01
7.407407407407407440e+00,-2.868032327110913715e-01,-8.756177139524068398e-01
7.417417417417417447e+00,-2.565401400421642442e-01,-8.266382905096449907e-01
7.427427427427427453e+00,-2.260233661604496846e-01,6.514697107105795748e-01
7.437437437437437460e+00,-1.952830877556721301e-01,-2.617772989104681369e-01
7.447447447447447466e+00,-1.643497025313062354e-01,-5.472007997703494109e-01
7.457457457457457473e+00,-1.332537991456413107e-01,1.446396828957951797e-01
7.467467467467467479e+00,-1.020261269639836654e-01,-9.685146968083399588e-02
7.477477477477477485e+00,-7.069756565199573906e-02,2.893193140188306534e-01
7.487487487487487492e+00,-3.929909464013390391e-02,-9.514274226090488895e-01
7.497497497497497498e+00,-7.861762489468758497e-03,1.439401897415319431e-01
7.507507507507507505e+00,2.358334381085485168e-02,4.099307623620457308e-01
7.517517517517517511e+00,5.500512958419306875e-02,-7.757940159730887242e-01
7.527527527527527518e+00,8.637252321452687509e-02,3.104701654261831090e-01
7.537537537537537524e+00,1.176545068718390930e-01,9.657452932859194039e-01
7.547547547547547531e+00,1.488201471842480472e-01,1.413912955068966915e-01
7.557557557557557537e+00,1.798386258266773952e-01,5.905415943390830424e-01
7.567567567567567544e+00,2.106792699957258930e-01,5.459644951511808397e-01
7.577577577577577550e+00,2.413115827406373537e-01,-1.124412660146510978e-01
7.587587587587587556e+00,2.717052731204126492e-01,2.915886404136602272e-01
7.597597597597597563e+00,3.018302861571554030e-01,-4.816670692736458315e-01
7.607607607607607569e+00,3.316568325561396469e-01,1.060053140048765885e-01
7.617617617617617576e+00,3.611554181631003169e-01,4.939994056462182481e-01
7.627627627627627582e+00,3.902968731297232763e-01,7.518471199986223041e-01
7.637637637637637589e+00,4.190523807584096150e-01,4.313584433823653974e-01
7.647647647647647595e+00,4.473935059978252360e-01,8.073853710694078867e-01
7.657657657657657602e+00,4.752922235610900770e-01,-7.616088291659478537e-02
7.667667667667667608e+00,5.027209456387206066e-01,4.518723083612847802e-01
7.677677677677677615e+00,5.296525491790180507e-01,5.392922414355566518e-01
7.687687687687687621e+00,5.560604027088469348e-01,1.480856026048665175e+00
7.697697697697697627e+00,5.819183926683132446e-01,4.748350645682711257e-01
7.707707707707707634e+00,6.072009492333314551e-01,3.576926302362399834e-01
7.717717717717717640e+00,6.318830716004707471e-01,6.425586835222450999e-01
7.727727727727727647e+00,6.559403527091678399e-01,1.963836302741959750e-01
7.737737737737737653e+00,6.793490033767688452e-01,7.757259279093768889e-01
7.747747747747747660e+00,7.020858758226206087e-01,5.195582675494917479e-01
7.757757757757757666e+00,7.241284865578797580e-01,-1.715352874627120716e-01
7.767767767767767673e+00,7.454550386184346511e-01,7.161617630515042521e-01
7.777777777777777679e+00,7.660444431189779024e-01,6.072728961538782499e-01
7.787787787787787686e+00,7.858763401068538101e-01,-3.033531092713781518e-02
7.797797797797797692e+00,8.049311186951350061e-01,7.713640413878741775e-01
7.807807807807807698e+00,8.231899364549446485e-01,1.567867917492184793e+00
7.817817817817817705e+00,8.406347380479167741e-01,1.101286612185773617e+00
7.827827827827827711e+00,8.572482730803164808e-01,1.163211869445895275e+00
7.837837837837837718e+00,8.730141131611871552e-01,2.022657503696658754e-01
7.847847847847847724e+00,8.879166681476730050e-01,1.126365852608784301e+00
7.857857857857857731e+00,9.019412015614088896e-01,9.761659922514479559e-01
7.867867867867867737e+00,9.150738451607848267e-01,1.179596464328000582e+00
7.877877877877877744e+00,9.273016126546319571e-01,1.138615923509044725e+00
7.887887887887887750e+00,9.386124125437884658e-01,2.587220497918816253e-01
7.897897897897897757e+00,9.489950600778586098e-01,9.282946542988749217e-01
7.907907907907907763e+00,9.584392883153081133e-01,5.795038581027250890e-01
7.917917917917917769e+00,9.669357582759983138e-01,9.418937111335872192e-01
7.927927927927927776e+00,9.744760681760828991e-01,5.257756047251676002e-01
7.937937937937937782e+00,9.810527617361675112e-01,1.637287945306665549e+00
7.947947947947947789e+00,9.866593355544918120e-01,5.571731413323206539e-01
7.957957957957957795e+00,9.912902455378550526e-01,5.418191673050870572e-01
7.967967967967967802e+00,9.949409123839287883e-01,1.032234115655705553e+00
7.977977977977977808e+00,9.976077261095225301e-01,4.590581914075251291e-01
7.987987987987987815e+00,9.992880496203400131e-01,7.869563984039071869e-01
7.997997997997997821e+00,9.999802213186832489e-01,5.849979225497022872e-01
8.008008008008008716e+00,9.996835567465337524e-01,1.705269588691339600e+00
8.018018018018018722e+00,9.983983492623829115e-01,1.391300262677969135e+00
8.028028028028028729e+00,9.961258697511428117e-01,9.673911105184455073e-01
8.038038038038038735e+00,9.928683653674238441e-01,7.972598392804157719e-01
8.048048048048048742e+00,9.886290573134224324e-01,1.459087864600979056e+00
8.058058058058058748e+00,9.834121376536186787e-01,1.186014177815062798e+00
8.068068068068068754e+00,9.772227651694251893e-01,1.226248967510853660e+00
8.078078078078078761e+00,9.700670602579005708e-01,9.569709415857753365e-01
8.088088088088088767e+00,9.619520988795540184e-01,1.178370849938379372e-01
8.098098098098098774e+00,9.528859055612464157e-01,8.966529142814700926e-01
8.108108108108108780e+00,9.428774454610842071e-01,6.766324858565503364e-01
8.118118118118118787e+00,9.319366155031733046e-01,1.254464252233111754e+00
8.128128128128128793e+00,9.200742345909912467e-01,1.425995451088085897e+00
8.138138138138138800e+00,9.073020329090433211e-01,5.783265105284589591e-01
8.148148148148148806e+00,8.936326403234118310e-01,1.127825257461937625e+00
8.158158158158158813e+00,8.790795738926291403e-01,1.747019072735485734e+00
8.168168168168168819e+00,8.636572245012599236e-01,5.298008642159803827e-01
8.178178178178178825e+00,8.473808426293962803e-01,1.688341712665965222e+00
8.188188188188188832e+00,8.302665232721196942e-01,4.039735996867961920e-01
8.198198198198198838e+00,8.123311900238856520e-01,8.238110678278613985e-01
8.208208208208208845e+00,7.935925783435133773e-01,7.880197724225928013e-01
8.218218218218218851e+00,7.740692180163900593e-01,7.798186679514212960e-01
8.228228228228228858e+00,7.537804148311698649e-01,3.349413938771972354e-01
8.238238238238238864e+00,7.327462314891387551e-01,4.371546796069238905e-01
8.248248248248248871e+00,7.109874677651023545e-01,3.771273245854026568e-01
8.258258258258258877e+00,6.885256399393906435e-01,8.520069376416192775e-01
8.268268268268268884e+00,6.653829595213789361e-01,8.304005167765347029e-01
8.278278278278278890e+00,6.415823112854863730e-01,1.754554477154615766e+00
8.288288288288288896e+00,6.171472306414543807e-01,1.302641733787015088e+00
8.298298298298298903e+00,5.921018803612014825e-01,3.371802592919619368e-01
8.308308308308308909e+00,5.664710266853325571e-01,7.289058345834256158e-01
8.318318318318318916e+00,5.402800148329068852e-01,1.038839005228786583e+00
8.328328328328328922e+00,5.135547439386498603e-01,5.288556561079087448e-01
8.338338338338338929e+00,4.863216414424662570e-01,4.515008522189984941e-01
8.348348348348348935e+00,4.586076369564917043e-01,4.843951083414362313e-01
8.358358358358358942e+00,4.304401356355970765e-01,8.640784500398109857e-01
8.368368368368368948e+00,4.018469910776514831e-01,-2.231327032496477347e-02
8.378378378378378954e+00,3.728564777803070607e-01,2.100217433702199765e-01
8.388388388388388961e+00,3.434972631816231026e-01,5.787138356048640020e-01
8.398398398398398967e+00,3.137983793120765474e-01,4.695219150891543070e-01
8.408408408408408974e+00,2.837891940860961526e-01,4.035805740142918152e-01
8.418418418418418980e+00,2.534993822614055592e-01,6.859879910950394954e-02
8.428428428428428987e+00,2.229588960949759890e-01,7.092267906662443888e-01
8.438438438438438993e+00,1.921979357245731657e-01,1.259132059326841802e+00
8.448448448448449000e+00,1.612469193051505600e-01,3.644546661432536694e-01
8.458458458458459006e+00,1.301364529297074357e-01,3.354810215478748470e-02
8.468468468468469013e+00,9.889730036424751458e-02,4.767674448115187813e-01
8.478478478478479019e+00,6.756035262687760945e-02,-2.020059657496173777e-01
8.488488488488489025e+00,3.615659744101974715e-02,-3.386885749104285859e-01
8.498498498498499032e+00,4.717088593030761140e-03,2.112146239988666255e-02
8.508508508508509038e+00,-2.672708477550465173e-02,-1.318125401260476837e+00
8.518518518518519045e+00,-5.814482891047767499e-02,-6.351200107364823877e-01
8.528528528528529051e+00,-8.950507619246694802e-02,-2.634860041528898633e-01
8.538538538538539058e+00,-1.207768158581599832e-01,-7.974712449320167096e-01
8.548548548548549064e+00,-1.519291246655165017e-01,-6.682506756115813573e-01
8.558558558558559071e+00,-1.829311974723860368e-01,-4.013053662013897349e-01
8.568568568568569077e+00,-2.137523776983770440e-01,-1.035235024463681652e+00
8.578578578578579084e+00,-2.443621876397668591e-01,-4.473980857696828184e-01
8.588588588588589090e+00,-2.747303586075847126e-01,-5.423654408740069544e-01
8.598598598598599096e+00,-3.048268608589536077e-01,-2.921242566664455920e-01
8.608608608608609103e+00,-3.346219332922004130e-01,2.424700819548091801e-01
8.618618618618619109e+00,-3.640861128762846732e-01,-2.778339046298516912e-01
8.628628628628629116e+00,-3.931902637854784444e-01,-3.826592531144466514e-01
8.638638638638639122e+00,-4.219056062105207561e-01,-3.721783776951648748e-01
8.648648648648649129e+00,-4.502037448176732792e-01,-3.365073572571090632e-01
8.658658658658659135e+00,-4.780566968276378503e-01,-9.864260211325223127e-01
8.668668668668669142e+00,-5.054369196864649805e-01,-5.628245820718640324e-01
8.678678678678679148e+00,-5.323173383011912119e-01,-3.779417173828846233e-01
8.688688688688689155e+00,-5.586713718131929296e-01,-1.244051363084723194e+00
8.698698698698699161e+00,-5.844729598828145578e-01,-1.516464984748879252e-01
8.708708708708709167e+00,-6.096965884593081864e-01,-6.900857123021331141e-02
8.718718718718719174e+00,-6.343173150105277935e-01,-9.500053092352221951e-01
8.728728728728729180e+00,-6.583107931875177288e-01,-7.789796889140699898e-01
8.738738738738739187e+00,-6.816532968995332453e-01,-1.120748468304569867e+00
8.748748748748749193e+00,-7.043217437757157695e-01,-3.546315019818072067e-01
8.758758758758759200e+00,-7.262937179902478890e-01,-1.256904861713202592e+00
8.768768768768769206e+00,-7.475474924283532774e-01,-8.587859975498134402e-01
8.778778778778779213e+00,-7.680620501713006920e-01,-1.197522004075136426e+00
8.788788788788789219e+00,-7.878171052790868822e-01,-7.623399667734421792e-01
8.798798798798799226e+00,-8.067931228503234520e-01,-1.703907758595184063e+00
8.808808808808809232e+00,-8.249713383394305932e-01,-1.617405171565838851e-01
8.818818818818819238e+00,-8.423337761120612832e-01,-1.324636988215193156e+00
8.828828828828829245e+00,-8.588632672204267182e-01,-8.289159256622886662e-01
8.838838838838839251e+00,-8.745434663808940856e-01,-9.808049887660487132e-01
8.848848848848849258e+00,-8.893588681371311644e-01,-1.270416124098380228e+00
8.858858858858859264e+00,-9.032948221927524779e-01,-1.347184890510720212e+00
8.868868868868869271e+00,-9.163375478983626365e-01,-4.481382761221328614e-01
8.878878878878879277e+00,-9.284741478786260327e-01,-1.191294444429595867e+00
8.888888888888889284e+00,-9.396926207859080948e-01,-8.041075284672526413e-01
8.898898898898899290e+00,-9.499818731678874029e-01,-1.350730315865074749e+00
8.908908908908909297e+00,-9.593317304373700782e-01,-1.282922446361250302e+00
8.918918918918919303e+00,-9.677329469334993162e-01,-7.316093718895749776e-01
8.928928928928929309e+00,-9.751772150643722714e-01,-5.099729670088141154e-01
8.938938938938939316e+00,-9.816571735220579464e-01,-1.069315374685567921e+00
8.948948948948949322e+00,-9.871664145618659347e-01,-1.698126350382084482e+00
8.958958958958959329e+00,-9.916994903386806559e-01,7.278549536321676783e-03
8.968968968968969335e+00,-9.952519182940992026e-01,-1.423526572411204061e+00
8.978978978978979342e+00,-9.978201855890307392e-01,-1.768613885424924481e+00
8.988988988988989348e+00,-9.994017525773912780e-01,2.978105413066847174e-01
8.998998998998999355e+00,-9.999950553174459245e-01,-1.202011202242914578e+00
9.009009009009009361e+00,-9.995995071183216840e-01,-1.730465851249025633e+00
9.019019019019019368e+00,-9.982154991201608318e-01,-1.339935382514501727e+00
9.029029029029029374e+00,-9.958443999073396391e-01,-8.120719518962051797e-01
9.039039039039039380e+00,-9.924885541551348167e-01,-8.973327753581650246e-01
9.049049049049049387e+00,-9.881512803111796028e-01,-1.414015878937974646e+00
9.059059059059059393e+00,-9.828368673139949996e-01,-7.147506725001528949e-02
9.069069069069069400e+00,-9.765505703518492231e-01,-1.237340409348535841e+00
9.079079079079079406e+00,-9.692986056661356820e-01,-1.561641900871911570e+00
9.089089089089089413e+00,-9.610881444044024891e-01,-4.807414451740726347e-01
9.099099099099099419e+00,-9.519273055291266328e-01,-2.873958822592854734e-01
9.109109109109109426e+00,-9.418251477892243262e-01,-1.350571696597337557e+00
9.119119119119119432e+00,-9.307916607622619409e-01,-1.631465307281917188e+00
9.129129129129129439e+00,-9.188377549761965746e-01,-4.036186212683942065e-01
9.139139139139139445e+00,-9.059752511204396397e-01,-1.929637057649420395e+00
9.149149149149149451e+00,-8.922168683569041692e-01,-1.505527698055211916e+00
9.159159159159159458e+00,-8.775762117425770503e-01,-3.938531367174595288e-01
9.169169169169169464e+00,-8.620677587760915417e-01,-8.897440327872863097e-01
9.179179179179179471e+00,-8.457068450815570237e-01,-9.776755193779009812e-01
9.189189189189189477e+00,-8.285096492438419613e-01,-6.521013459966528147e-01
9.199199199199199484e+00,-8.104931768102927592e-01,-8.868803885829971145e-01
9.209209209209209490e+00,-7.916752434746848754e-01,-1.441018604556230098e+00
9.219219219219219497e+00,-7.720744574600866272e-01,-1.340367844569928524e-01
9.229229229229229503e+00,-7.517102011179923604e-01,-8.920317467458471761e-02
9.239239239239239510e+00,-7.306026117619888183e-01,-6.279363298730089582e-01
9.249249249249249516e+00,-7.087725617548394919e-01,-6.862055540388343200e-01
9.259259259259259522e+00,-6.862416378687333784e-01,4.835707651412955999e-01
9.269269269269269529e+00,-6.630321199390876163e-01,-8.012485424470061623e-01
9.279279279279279535e+00,-6.391669588329842444e-01,-7.689554497500039609e-01
9.289289289289289542e+00,-6.146697537540928291e-01,-4.324291291338400178e-01
9.299299299299299548e+00,-5.895647289064382957e-01,1.460962491647308514e-01
9.309309309309309555e+00,-5.638767095401779894e-01,2.325086676685638176e-01
9.319319319319319561e+00,-5.376310974029885337e-01,-6.669174132413742129e-01
9.329329329329329568e+00,-5.108538456214082313e-01,-3.566882226417356083e-01
9.339339339339339574e+00,-4.835714330369453307e-01,-1.172613166568983845e+00
9.349349349349349581e+00,-4.558108380223003797e-01,-6.117988919804068226e-01
9.359359359359359587e+00,-4.275995118036696185e-01,-8.477447095433228164e-01
9.369369369369369593e+00,-3.989653513154182152e-01,-9.023812274649101184e-01
9.379379379379379600e+00,-3.699366716140432554e-01,4.708516865196205603e-01
9.389389389389389606e+00,-3.405421778786750786e-01,-7.366855087817475445e-01
9.399399399399399613e+00,-3.108109370257706727e-01,-5.766138910314981825e-01
9.409409409409409619e+00,-2.807723489661502758e-01,-9.784795500772117127e-02
9.419419419419419626e+00,-2.504561175326975309e-01,3.984565159540952028e-01
9.429429429429429632e+00,-2.198922211075781397e-01,2.066534208683956653e-02
9.439439439439439639e+00,-1.891108829779182543e-01,1.190566674032872863e+00
9.449449449449449645e+00,-1.581425414493407566e-01,-1.954765305749155413e-01
9.459459459459459651e+00,-1.270178197468801728e-01,2.340400367992850894e-03
9.469469469469469658e+00,-9.576749573300337437e-02,4.203284125902480295e-02
9.479479479479479664e+00,-6.442247147276905506e-02,6.531022219218082236e-01
9.489489489489489671e+00,-3.301374267611241475e-02,2.206057328786952265e-01
9.499499499499499677e+00,-1.572368047584972407e-03,-5.968721824115952312e-02
9.509509509509509684e+00,2.987056142625127766e-02,-4.438737360271884924e-01
9.519519519519519690e+00,6.128395322131648115e-02,1.835056812021327866e-01
9.529529529529529697e+00,9.263674402202598523e-02,7.933091596680057478e-01
9.539539539539539703e+00,1.238979304384557611e-01,-8.129296639047953188e-02
9.549549549549549710e+00,1.550365996641970279e-01,4.195084088724881366e-01
9.559559559559559716e+00,1.860219600446897104e-01,3.090958543871117903e-01
9.569569569569569722e+00,2.168233715257188998e-01,6.485832007163762070e-01
9.579579579579579729e+00,2.474103759520006884e-01,-1.549664943669339656e-01
9.589589589589589735e+00,2.777527271859308033e-01,1.451076242449211628e+00
9.599599599599599742e+00,3.078204210166265997e-01,-3.317601324975025245e-01
9.609609609609609748e+00,3.375837248297929860e-01,1.548081798367743345e-01
9.619619619619619755e+00,3.670132070089646703e-01,8.360594774617874370e-01
9.629629629629629761e+00,3.960797660391547903e-01,5.444463522862115212e-01
9.639639639639639768e+00,4.247546592840476531e-01,8.397477388245992991e-01
9.649649649649649774e+00,4.530095314083125713e-01,2.049583644170313856e-01
9.659659659659659781e+00,4.808164424169650841e-01,4.434139510767945436e-01
9.669669669669669787e+00,5.081478952839683094e-01,5.142638871033770043e-01
9.679679679679679793e+00,5.349768631428524213e-01,1.319606670410804483e+00
9.689689689689689800e+00,5.612768160123645655e-01,9.064913282038891129e-01
9.699699699699699806e+00,5.870217470308168872e-01,9.853578012131525288e-01
9.709709709709709813e+00,6.121861981731135938e-01,2.832231519047159751e-01
9.719719719719719819e+00,6.367452854250593708e-01,1.121186604706584822e+00
9.729729729729729826e+00,6.606747233900818195e-01,7.734655551744835655e-01
9.739739739739739832e+00,6.839508493039648807e-01,1.378523507142928484e+00
9.749749749749749839e+00,7.065506464339305071e-01,1.713580723893164404e+00
9.759759759759759845e+00,7.284517668388604816e-01,5.750688788253581762e-01
9.769769769769769852e+00,7.496325534681811398e-01,5.464809882456498347e-01
9.779779779779779858e+00,7.700720615775812350e-01,3.380495660263964641e-01
9.789789789789789864e+00,7.897500794403250479e-01,7.179603235821647722e-01
9.799799799799799871e+00,8.086471483337552835e-01,6.176344238585634860e-01
9.809809809809809877e+00,8.267445817811458486e-01,1.006496781566651011e+00
9.819819819819819884e+00,8.440244840299490070e-01,7.717410755630810248e-01
9.829829829829829890e+00,8.604697677481074614e-01,6.796701273572975932e-01
9.839839839839839897e+00,8.760641709209572303e-01,1.408356738984883005e+00
9.849849849849849903e+00,8.907922729320284505e-01,4.218521573563026039e-01
9.859859859859859910e+00,9.046395098117974154e-01,1.121193486387469296e+00
9.869869869869869916e+00,9.175921886393667570e-01,7.146213250451249888e-01
9.879879879879879923e+00,9.296375010827767627e-01,1.291821753517758964e+00
9.889889889889889929e+00,9.407635360646101619e-01,1.633394309425725499e+00
9.899899899899899935e+00,9.509592915403252134e-01,7.994101648282888606e-01
9.909909909909909942e+00,9.602146853776889479e-01,1.180731139014264741e+00
9.919919919919919948e+00,9.685205653265599457e-01,1.057916998193149771e+00
9.929929929929929955e+00,9.758687180691357765e-01,5.761575182975875453e-01
9.939939939939939961e+00,9.822518773417475701e-01,1.102645632212716720e+00
9.949949949949949968e+00,9.876637311201431624e-01,1.132223983759549135e+00
9.959959959959959974e+00,9.920989278611681561e-01,1.198534338084255468e+00
9.969969969969969981e+00,9.955530817946746103e-01,8.963536333846517934e-01
9.979979979979979987e+00,9.980227772604109981e-01,1.045118927415484178e+00
9.989989989989989994e+00,9.995055720856215187e-01,4.257000996640538659e-01
1.000000000000000000e+01,1.000000000000000000e+00,8.209429622600716847e-01
